WeekDay,Revenue,AverageRevenue
1,1367146.4109999945,21.067702387006218
2,1700634.6309999954,25.583840521715516
3,1588336.1699999927,23.057794440008603
4,1976859.0699999915,24.69993215468222
5,1485917.4009999963,27.102916570907365
7,792514.2209999991,12.625081181399631
