{
  "total_revenue": 8911407.904000003,
  "total_orders": 18532,
  "total_customers": 4338,
  "total_products": 3665,
  "average_order_value": 480.8659563997409,
  "average_items_per_order": 278.8588387653788
}